QSPRID	GABAAalpha_Label	GABAAalpha_Prediction	Fold
tutorial_data_3566	7.82	7.56	0.0
tutorial_data_3606	8.03	8.053	0.0
tutorial_data_1224	5.039	5.993	0.0
tutorial_data_5389	9.583	8.583	0.0
tutorial_data_1874	5.675	7.3	0.0
tutorial_data_1135	9.41	7.61	0.0
tutorial_data_6414	4.0	5.888	0.0
tutorial_data_1819	7.81	7.48	0.0
tutorial_data_3530	7.54	7.35	0.0
tutorial_data_5083	6.21	7.823	0.0
tutorial_data_8167	6.24	7.489	0.0
tutorial_data_1452	6.082	6.787	0.0
tutorial_data_5212	6.0	7.123	0.0
tutorial_data_0848	6.374	6.289	0.0
tutorial_data_8041	8.475	7.746	0.0
tutorial_data_3680	8.96	8.405	0.0
tutorial_data_3907	7.442	7.05	0.0
tutorial_data_2549	7.26	7.541	0.0
tutorial_data_2867	6.898	6.89	0.0
tutorial_data_4409	4.0	5.964	0.0
tutorial_data_3724	8.39	7.434	0.0
tutorial_data_1315	5.039	5.822	0.0
tutorial_data_1049	6.27	7.589	0.0
tutorial_data_2557	8.11	7.782	0.0
tutorial_data_0446	8.779	9.346	0.0
tutorial_data_0434	8.12	8.008	0.0
tutorial_data_6639	5.18	6.285	0.0
tutorial_data_1230	5.039	5.859	0.0
tutorial_data_1137	9.85	7.375	0.0
tutorial_data_3357	7.68	7.634	0.0
tutorial_data_5101	8.285	8.065	0.0
tutorial_data_5144	7.56	8.542	0.0
tutorial_data_0824	7.34	6.727	0.0
tutorial_data_0227	4.301	6.146	0.0
tutorial_data_5236	6.975	6.988	0.0
tutorial_data_3747	7.4	7.448	0.0
tutorial_data_1939	5.68	5.682	0.0
tutorial_data_0188	4.71	4.648	0.0
tutorial_data_1631	7.64	8.554	0.0
tutorial_data_5456	8.89	9.748	0.0
tutorial_data_1050	6.878	6.403	0.0
tutorial_data_3716	8.82	8.156	0.0
tutorial_data_5044	5.5	5.597	0.0
tutorial_data_3728	8.37	8.02	0.0
tutorial_data_6157	7.67	7.765	0.0
tutorial_data_2839	4.143	5.904	0.0
tutorial_data_3263	7.28	6.241	0.0
tutorial_data_3888	6.838	7.9	0.0
tutorial_data_5143	7.81	7.408	0.0
tutorial_data_5391	9.477	8.593	0.0
tutorial_data_4592	6.205	5.978	0.0
tutorial_data_4300	9.052	7.45	0.0
tutorial_data_0098	5.92	6.205	0.0
tutorial_data_5921	8.57	9.278	0.0
tutorial_data_8016	4.51	5.621	0.0
tutorial_data_8204	7.46	7.728	0.0
tutorial_data_3633	7.96	7.435	0.0
tutorial_data_5868	9.33	9.31	0.0
tutorial_data_6575	4.28	5.128	0.0
tutorial_data_7113	6.803	6.612	0.0
tutorial_data_3276	6.16	6.295	0.0
tutorial_data_8187	7.056	6.118	0.0
tutorial_data_3882	7.93	7.716	0.0
tutorial_data_6771	6.37	6.606	0.0
tutorial_data_6056	7.96	6.536	0.0
tutorial_data_1130	9.42	7.032	0.0
tutorial_data_2492	7.46	7.166	0.0
tutorial_data_5493	9.44	8.969	0.0
tutorial_data_3577	7.09	7.445	0.0
tutorial_data_0438	8.885	9.65	0.0
tutorial_data_0835	6.665	6.533	0.0
tutorial_data_5546	5.039	6.476	0.0
tutorial_data_2167	6.523	7.369	0.0
tutorial_data_5094	7.795	7.783	0.0
tutorial_data_4541	8.51	7.193	0.0
tutorial_data_1111	4.0	5.667	0.0
tutorial_data_1701	6.606	6.643	0.0
tutorial_data_5234	7.762	7.215	0.0
tutorial_data_0389	5.73	6.706	0.0
tutorial_data_7945	7.253	7.096	0.0
tutorial_data_7473	8.3	7.365	0.0
tutorial_data_1653	6.0	5.755	0.0
tutorial_data_1192	6.06	6.102	0.0
tutorial_data_3741	7.42	7.838	0.0
tutorial_data_8011	8.92	6.087	0.0
tutorial_data_3565	8.3	7.659	0.0
tutorial_data_1943	3.6	5.916	0.0
tutorial_data_3536	7.71	7.551	0.0
tutorial_data_5152	6.15	6.269	0.0
tutorial_data_7885	8.74	9.05	0.0
tutorial_data_3768	6.0	6.896	0.0
tutorial_data_4511	7.961	7.859	0.0
tutorial_data_1254	3.991	5.316	0.0
tutorial_data_0231	6.403	6.452	0.0
tutorial_data_0335	4.34	5.815	0.0
tutorial_data_8091	8.542	7.486	0.0
tutorial_data_4500	8.724	7.35	0.0
tutorial_data_2248	7.422	7.504	0.0
tutorial_data_8048	8.452	6.156	0.0
tutorial_data_0374	8.065	8.286	0.0
tutorial_data_3593	8.92	7.612	0.0
tutorial_data_0044	8.11	8.105	0.0
tutorial_data_7568	5.528	6.711	0.0
tutorial_data_0341	7.64	6.415	0.0
tutorial_data_2865	5.789	6.231	0.0
tutorial_data_7946	7.297	7.031	0.0
tutorial_data_5148	8.002	9.002	0.0
tutorial_data_2852	8.11	8.981	0.0
tutorial_data_1971	7.21	7.636	0.0
tutorial_data_1641	9.22	9.237	0.0
tutorial_data_5573	8.47	8.368	0.0
tutorial_data_1820	8.252	7.475	0.0
tutorial_data_1312	5.039	6.126	0.0
tutorial_data_3529	8.54	7.304	0.0
tutorial_data_1602	7.903	7.613	0.0
tutorial_data_7821	7.18	7.335	0.0
tutorial_data_1364	4.9	4.932	0.0
tutorial_data_3637	8.44	7.69	0.0
tutorial_data_3289	7.05	6.259	0.0
tutorial_data_3295	6.13	6.203	0.0
tutorial_data_0209	7.157	7.112	0.0
tutorial_data_0427	6.16	5.999	0.0
tutorial_data_8009	4.59	6.233	0.0
tutorial_data_2546	9.22	7.981	0.0
tutorial_data_2850	7.04	7.744	0.0
tutorial_data_6049	7.3	5.862	0.0
tutorial_data_6767	7.17	6.734	0.0
tutorial_data_1136	9.92	7.793	0.0
tutorial_data_8057	6.458	6.166	0.0
tutorial_data_1849	4.1	6.26	0.0
tutorial_data_7940	6.865	6.598	0.0
tutorial_data_7109	6.637	7.674	0.0
tutorial_data_1131	8.49	7.29	0.0
tutorial_data_7134	8.2	7.464	0.0
tutorial_data_0431	8.325	8.798	0.0
tutorial_data_0047	6.786	7.475	0.0
tutorial_data_8070	8.895	7.469	0.0
tutorial_data_3080	6.59	7.095	0.0
tutorial_data_2866	7.23	6.993	0.0
tutorial_data_7882	8.23	9.027	0.0
tutorial_data_7743	6.7	6.637	0.0
tutorial_data_1699	6.274	6.45	0.0
tutorial_data_0373	7.163	7.888	0.0
tutorial_data_0592	4.05	5.342	0.0
tutorial_data_2366	7.72	7.756	0.0
tutorial_data_7099	4.0	6.251	0.0
tutorial_data_3745	7.65	7.402	0.0
tutorial_data_1688	5.21	5.748	0.0
tutorial_data_3657	8.32	7.927	0.0
tutorial_data_1056	8.895	7.572	0.0
tutorial_data_2277	7.8	7.932	0.0
tutorial_data_1817	8.008	7.432	0.0
tutorial_data_6769	6.82	6.772	0.0
tutorial_data_4709	8.41	8.508	0.0
tutorial_data_5080	5.59	6.205	0.0
tutorial_data_1221	5.039	5.883	0.0
tutorial_data_3725	8.59	7.632	0.0
tutorial_data_3569	7.13	7.482	0.0
tutorial_data_0091	6.489	6.909	0.0
tutorial_data_1196	4.775	4.942	0.0
tutorial_data_0652	7.7	7.627	0.0
tutorial_data_2610	8.54	8.217	0.0
tutorial_data_4706	7.72	7.608	0.0
tutorial_data_5919	7.481	8.916	0.0
tutorial_data_7763	4.92	5.382	0.0
tutorial_data_1842	6.02	5.932	0.0
tutorial_data_3617	9.52	8.889	0.0
tutorial_data_8006	6.088	5.939	0.0
tutorial_data_0830	6.314	5.974	0.0
tutorial_data_0088	5.514	6.555	0.0
tutorial_data_1666	5.38	6.077	0.0
tutorial_data_6739	7.82	7.59	0.0
tutorial_data_3467	5.44	5.862	0.0
tutorial_data_0428	6.16	6.348	0.0
tutorial_data_1514	8.085	7.813	0.0
tutorial_data_2439	5.27	5.033	0.0
tutorial_data_0228	6.82	6.255	0.0
tutorial_data_3531	8.0	7.233	0.0
tutorial_data_0817	5.98	6.177	0.0
tutorial_data_6732	7.97	7.935	0.0
tutorial_data_0198	4.67	4.217	0.0
tutorial_data_3589	7.87	7.666	0.0
tutorial_data_2496	6.884	6.341	0.0
tutorial_data_6442	6.0	6.286	0.0
tutorial_data_4321	8.288	7.593	0.0
tutorial_data_1537	9.3	8.746	0.0
tutorial_data_6773	6.93	7.179	0.0
tutorial_data_1569	8.255	7.098	0.0
tutorial_data_3285	6.92	6.23	0.0
tutorial_data_7196	7.325	6.962	0.0
tutorial_data_2139	4.0	5.706	0.0
tutorial_data_3578	8.27	7.756	0.0
tutorial_data_3715	8.41	8.002	0.0
tutorial_data_0345	6.4	6.475	0.0
tutorial_data_3252	7.408	7.362	0.0
tutorial_data_3757	7.65	7.783	0.0
tutorial_data_1629	7.84	8.117	0.0
tutorial_data_1600	7.116	7.612	0.0
tutorial_data_5321	6.8	6.041	0.0
tutorial_data_2333	7.54	7.085	0.0
tutorial_data_8002	8.045	6.524	0.0
tutorial_data_3636	8.54	7.668	0.0
tutorial_data_4501	6.848	7.876	0.0
tutorial_data_1624	8.12	7.718	0.0
tutorial_data_3731	8.59	7.84	0.0
tutorial_data_3740	7.92	7.967	0.0
tutorial_data_6452	8.37	7.3	0.0
tutorial_data_4996	4.0	6.141	0.0
tutorial_data_1510	7.22	7.241	0.0
tutorial_data_3585	7.07	7.7	0.0
tutorial_data_5106	7.088	7.876	0.0
tutorial_data_4298	7.705	7.524	0.0
tutorial_data_2990	7.938	8.893	0.0
tutorial_data_4843	5.5	6.392	0.0
tutorial_data_1914	8.29	7.411	0.0
tutorial_data_1623	8.11	8.249	0.0
tutorial_data_4160	8.53	7.515	0.0
tutorial_data_3734	7.38	7.751	0.0
tutorial_data_6459	4.14	5.658	0.0
tutorial_data_7975	7.41	7.069	0.0
tutorial_data_2275	8.01	7.999	0.0
tutorial_data_0727	8.122	7.61	0.0
tutorial_data_2478	7.76	7.66	0.0
tutorial_data_5458	8.7	9.829	0.0
tutorial_data_0058	8.09	7.866	0.0
tutorial_data_1386	8.26	7.512	0.0
tutorial_data_5922	8.925	8.378	0.0
tutorial_data_4419	8.74	9.034	0.0
tutorial_data_5169	8.03	8.687	0.0
tutorial_data_4086	7.74	7.917	0.0
tutorial_data_1637	8.85	8.778	0.0
tutorial_data_2023	7.127	7.416	0.0
tutorial_data_1228	5.039	5.544	0.0
tutorial_data_0818	5.94	6.032	0.0
tutorial_data_2931	7.376	6.25	0.0
tutorial_data_3762	7.73	7.54	0.0
tutorial_data_3545	7.98	7.264	0.0
tutorial_data_1509	7.86	7.641	0.0
tutorial_data_1019	5.0	5.514	0.0
tutorial_data_5841	8.83	9.149	0.0
tutorial_data_0383	6.31	6.655	0.0
tutorial_data_0086	4.994	7.02	0.0
tutorial_data_1997	6.03	6.746	0.0
tutorial_data_1294	5.68	5.097	0.0
tutorial_data_7706	8.55	7.009	0.0
tutorial_data_2712	7.04	7.518	0.0
tutorial_data_1662	5.52	6.284	0.0
tutorial_data_5079	8.498	7.361	0.0
tutorial_data_1614	8.501	8.022	0.0
tutorial_data_0339	6.16	6.907	0.0
tutorial_data_1850	4.15	6.333	0.0
tutorial_data_8186	6.62	6.737	0.0
tutorial_data_6444	4.0	5.899	0.0
tutorial_data_0833	6.64	6.238	0.0
tutorial_data_2635	5.0	6.526	0.0
tutorial_data_6446	4.0	5.819	0.0
tutorial_data_0621	7.64	7.084	0.0
tutorial_data_8111	9.447	7.081	0.0
tutorial_data_5078	4.97	6.15	0.0
tutorial_data_1634	8.92	8.637	0.0
tutorial_data_3678	8.68	8.251	0.0
tutorial_data_0229	5.902	6.163	0.0
tutorial_data_7152	9.0	7.857	0.0
tutorial_data_0089	6.568	7.594	0.0
tutorial_data_0546	7.67	7.513	0.0
tutorial_data_8007	6.7	6.264	0.0
tutorial_data_6468	4.05	6.281	0.0
tutorial_data_1191	5.844	6.585	0.0
tutorial_data_6772	6.31	6.657	0.0
tutorial_data_1597	7.715	7.674	0.0
tutorial_data_8184	6.39	6.825	0.0
tutorial_data_6774	6.92	6.492	0.0
tutorial_data_1299	6.723	7.062	0.0
tutorial_data_7990	4.96	6.072	0.0
tutorial_data_4568	8.83	7.173	0.0
tutorial_data_6052	6.55	6.343	0.0
tutorial_data_0829	6.573	6.419	0.0
tutorial_data_7815	6.712	7.221	0.0
tutorial_data_3750	8.33	7.536	0.0
tutorial_data_5109	9.22	8.43	0.0
tutorial_data_6760	6.8	6.482	0.0
tutorial_data_6729	7.9	8.118	0.0
tutorial_data_3696	8.57	8.081	0.0
tutorial_data_6423	3.301	5.472	0.0
tutorial_data_2876	6.232	6.791	0.0
tutorial_data_5782	8.19	8.846	0.0
tutorial_data_5486	9.85	9.899	0.0
tutorial_data_7947	7.005	6.773	0.0
tutorial_data_6050	7.67	6.125	0.0
tutorial_data_6698	7.62	7.707	0.0
tutorial_data_5238	7.9	6.417	0.0
tutorial_data_4246	8.535	8.401	0.0
tutorial_data_5449	8.037	8.715	0.0
tutorial_data_8064	8.747	7.592	0.0
tutorial_data_7932	7.68	7.428	0.0
tutorial_data_2612	6.192	7.533	0.0
tutorial_data_7701	6.9	6.633	0.0
tutorial_data_6745	7.55	7.629	0.0
tutorial_data_1704	7.999	6.836	0.0
tutorial_data_5854	8.62	9.05	0.0
tutorial_data_3055	7.84	7.08	0.0
tutorial_data_2611	8.62	7.498	0.0
tutorial_data_3571	7.78	7.566	0.0
tutorial_data_5644	6.768	7.868	0.0
tutorial_data_2257	8.66	7.716	0.0
tutorial_data_0224	6.0	6.802	0.0
tutorial_data_3560	7.51	7.575	0.0
tutorial_data_1255	4.15	5.658	0.0
tutorial_data_4712	7.481	8.302	0.0
tutorial_data_7738	7.64	6.445	0.0
tutorial_data_3020	4.83	5.693	0.0
tutorial_data_1140	6.29	6.769	0.0
tutorial_data_6853	7.0	7.502	0.0
tutorial_data_7054	6.678	6.881	0.0
tutorial_data_8018	6.678	5.611	0.0
tutorial_data_5146	8.2	8.982	0.0
tutorial_data_8154	6.225	7.058	0.0
tutorial_data_4708	8.425	8.049	0.0
tutorial_data_7744	6.21	6.12	0.0
tutorial_data_5481	7.481	9.447	0.0
tutorial_data_2837	6.31	6.667	0.0
tutorial_data_8095	8.38	7.93	0.0
tutorial_data_1566	7.7	7.763	0.0
tutorial_data_4509	7.105	7.874	0.0
tutorial_data_6520	6.77	6.508	0.0
tutorial_data_4987	6.06	4.908	0.0
tutorial_data_1133	8.57	7.095	0.0
tutorial_data_3892	7.19	8.47	0.0
tutorial_data_5641	8.923	8.194	1.0
tutorial_data_3279	6.0	6.453	1.0
tutorial_data_4142	5.5	5.474	1.0
tutorial_data_1603	8.172	7.754	1.0
tutorial_data_8010	6.14	6.039	1.0
tutorial_data_1813	6.93	7.818	1.0
tutorial_data_6489	4.615	5.628	1.0
tutorial_data_3539	7.83	7.77	1.0
tutorial_data_4510	7.11	7.485	1.0
tutorial_data_2681	5.17	5.369	1.0
tutorial_data_0815	5.89	6.371	1.0
tutorial_data_4723	8.385	8.274	1.0
tutorial_data_1862	7.012	7.122	1.0
tutorial_data_1806	7.62	7.787	1.0
tutorial_data_7974	7.7	7.389	1.0
tutorial_data_1873	7.816	7.531	1.0
tutorial_data_3051	8.45	8.27	1.0
tutorial_data_0822	7.275	6.335	1.0
tutorial_data_1643	9.7	9.305	1.0
tutorial_data_6416	7.171	6.146	1.0
tutorial_data_2326	7.382	7.735	1.0
tutorial_data_0519	4.06	4.783	1.0
tutorial_data_4266	5.85	6.011	1.0
tutorial_data_3704	7.62	7.915	1.0
tutorial_data_4806	5.5	6.072	1.0
tutorial_data_0264	7.15	7.093	1.0
tutorial_data_7766	6.15	5.786	1.0
tutorial_data_2576	8.255	6.822	1.0
tutorial_data_7164	7.232	6.626	1.0
tutorial_data_4518	8.962	7.637	1.0
tutorial_data_8202	7.272	8.12	1.0
tutorial_data_3735	7.35	8.042	1.0
tutorial_data_5622	8.192	8.128	1.0
tutorial_data_2886	5.68	6.124	1.0
tutorial_data_4420	8.1	6.577	1.0
tutorial_data_3556	7.97	8.149	1.0
tutorial_data_1698	6.708	6.935	1.0
tutorial_data_4724	7.81	8.675	1.0
tutorial_data_5966	3.051	4.448	1.0
tutorial_data_8081	7.942	7.561	1.0
tutorial_data_3655	8.556	7.987	1.0
tutorial_data_7966	7.5	7.212	1.0
tutorial_data_1630	7.72	8.5	1.0
tutorial_data_1638	9.1	8.581	1.0
tutorial_data_6420	3.523	4.991	1.0
tutorial_data_6742	7.64	7.476	1.0
tutorial_data_3552	9.52	7.719	1.0
tutorial_data_1132	9.28	8.045	1.0
tutorial_data_2579	6.742	6.228	1.0
tutorial_data_6733	7.75	7.619	1.0
tutorial_data_4547	7.17	6.113	1.0
tutorial_data_1615	6.51	7.281	1.0
tutorial_data_0837	6.43	6.243	1.0
tutorial_data_6635	7.198	7.248	1.0
tutorial_data_1505	6.03	7.257	1.0
tutorial_data_3650	9.22	8.393	1.0
tutorial_data_7870	9.155	7.905	1.0
tutorial_data_0090	7.54	6.884	1.0
tutorial_data_2175	8.475	7.116	1.0
tutorial_data_0580	5.085	5.504	1.0
tutorial_data_3595	8.12	7.483	1.0
tutorial_data_1378	6.33	5.714	1.0
tutorial_data_7998	6.48	5.975	1.0
tutorial_data_3713	8.09	8.103	1.0
tutorial_data_7708	6.65	6.899	1.0
tutorial_data_2320	8.262	7.99	1.0
tutorial_data_1184	4.833	6.511	1.0
tutorial_data_0381	7.382	6.871	1.0
tutorial_data_0199	4.84	4.189	1.0
tutorial_data_1583	5.52	5.535	1.0
tutorial_data_8165	7.413	7.84	1.0
tutorial_data_3886	6.82	8.318	1.0
tutorial_data_0443	8.963	9.448	1.0
tutorial_data_7464	7.06	7.074	1.0
tutorial_data_4595	6.62	6.277	1.0
tutorial_data_6421	3.301	5.176	1.0
tutorial_data_7363	6.593	6.714	1.0
tutorial_data_3765	7.8	7.437	1.0
tutorial_data_8090	7.668	8.062	1.0
tutorial_data_1570	7.142	6.245	1.0
tutorial_data_2642	9.0	6.551	1.0
tutorial_data_3703	8.96	8.01	1.0
tutorial_data_1204	6.538	6.863	1.0
tutorial_data_3730	9.4	8.673	1.0
tutorial_data_5226	5.314	6.853	1.0
tutorial_data_8079	7.445	8.001	1.0
tutorial_data_2471	7.24	7.401	1.0
tutorial_data_3078	6.21	6.838	1.0
tutorial_data_3547	4.0	5.749	1.0
tutorial_data_5233	7.152	6.382	1.0
tutorial_data_0405	6.41	5.955	1.0
tutorial_data_0393	3.65	6.234	1.0
tutorial_data_1345	8.8	7.893	1.0
tutorial_data_6741	7.88	7.256	1.0
tutorial_data_1280	6.695	7.367	1.0
tutorial_data_2702	9.25	8.046	1.0
tutorial_data_3618	8.33	8.211	1.0
tutorial_data_0376	7.353	7.79	1.0
tutorial_data_1913	5.732	7.307	1.0
tutorial_data_0850	5.99	5.894	1.0
tutorial_data_7751	5.6	6.146	1.0
tutorial_data_8077	6.301	7.776	1.0
tutorial_data_1310	6.49	5.698	1.0
tutorial_data_2367	6.612	7.106	1.0
tutorial_data_8088	7.899	7.95	1.0
tutorial_data_1719	5.52	6.487	1.0
tutorial_data_4719	8.27	8.332	1.0
tutorial_data_7469	8.1	7.351	1.0
tutorial_data_6387	5.929	5.011	1.0
tutorial_data_3623	8.89	8.075	1.0
tutorial_data_1082	5.523	6.289	1.0
tutorial_data_4425	9.8	7.885	1.0
tutorial_data_8170	6.88	7.576	1.0
tutorial_data_2170	7.441	6.764	1.0
tutorial_data_5517	6.301	7.709	1.0
tutorial_data_5620	8.85	8.373	1.0
tutorial_data_7136	7.94	7.333	1.0
tutorial_data_1109	4.3	5.809	1.0
tutorial_data_4271	9.1	8.256	1.0
tutorial_data_3273	6.6	6.185	1.0
tutorial_data_3736	8.34	8.229	1.0
tutorial_data_0004	7.505	6.781	1.0
tutorial_data_0014	6.5	4.714	1.0
tutorial_data_0619	7.39	6.71	1.0
tutorial_data_0060	9.22	8.833	1.0
tutorial_data_4440	5.72	5.804	1.0
tutorial_data_0201	4.45	5.329	1.0
tutorial_data_6380	6.0	5.856	1.0
tutorial_data_3901	8.59	8.56	1.0
tutorial_data_1975	7.66	7.695	1.0
tutorial_data_0877	7.98	7.569	1.0
tutorial_data_1139	5.842	7.569	1.0
tutorial_data_0083	6.329	6.574	1.0
tutorial_data_3622	7.58	8.087	1.0
tutorial_data_0563	7.16	7.084	1.0
tutorial_data_3639	8.755	7.747	1.0
tutorial_data_1658	5.72	5.642	1.0
tutorial_data_5545	6.21	5.309	1.0
tutorial_data_8025	7.62	6.625	1.0
tutorial_data_4239	8.858	7.665	1.0
tutorial_data_5739	7.417	8.121	1.0
tutorial_data_5474	9.27	9.524	1.0
tutorial_data_8163	5.482	6.53	1.0
tutorial_data_3173	7.705	7.115	1.0
tutorial_data_5543	5.039	6.113	1.0
tutorial_data_4512	6.932	7.679	1.0
tutorial_data_3899	7.3	9.068	1.0
tutorial_data_5786	8.015	6.88	1.0
tutorial_data_0230	6.523	6.273	1.0
tutorial_data_2274	8.59	8.112	1.0
tutorial_data_0171	6.593	6.233	1.0
tutorial_data_7858	6.145	6.1	1.0
tutorial_data_1279	8.13	7.486	1.0
tutorial_data_3090	8.845	7.869	1.0
tutorial_data_4088	9.172	7.101	1.0
tutorial_data_8022	5.08	5.714	1.0
tutorial_data_6770	7.92	7.053	1.0
tutorial_data_3574	7.54	7.32	1.0
tutorial_data_3294	6.16	5.236	1.0
tutorial_data_2558	8.96	8.183	1.0
tutorial_data_5675	8.22	8.415	1.0
tutorial_data_0093	10.28	8.414	1.0
tutorial_data_3683	9.4	8.591	1.0
tutorial_data_8005	7.7	6.165	1.0
tutorial_data_5097	8.305	8.158	1.0
tutorial_data_1994	9.601	7.981	1.0
tutorial_data_0436	8.71	9.561	1.0
tutorial_data_4730	6.858	8.36	1.0
tutorial_data_3760	7.44	7.622	1.0
tutorial_data_3280	6.1	6.228	1.0
tutorial_data_3575	7.29	7.414	1.0
tutorial_data_1809	7.17	7.681	1.0
tutorial_data_2457	8.24	6.255	1.0
tutorial_data_2399	3.896	5.932	1.0
tutorial_data_3699	8.11	7.927	1.0
tutorial_data_8188	7.218	6.652	1.0
tutorial_data_1285	8.14	7.305	1.0
tutorial_data_7991	7.56	6.478	1.0
tutorial_data_0828	6.247	6.703	1.0
tutorial_data_0072	7.204	7.133	1.0
tutorial_data_3175	9.42	7.841	1.0
tutorial_data_2173	7.662	6.471	1.0
tutorial_data_2390	4.0	5.931	1.0
tutorial_data_1314	5.039	5.715	1.0
tutorial_data_3641	9.52	8.639	1.0
tutorial_data_2870	7.703	7.195	1.0
tutorial_data_1286	8.18	7.563	1.0
tutorial_data_0834	6.6	6.582	1.0
tutorial_data_5110	8.92	8.192	1.0
tutorial_data_1138	9.01	7.695	1.0
tutorial_data_3558	7.49	7.553	1.0
tutorial_data_1646	9.7	9.269	1.0
tutorial_data_3554	7.26	7.875	1.0
tutorial_data_0387	6.679	6.373	1.0
tutorial_data_3642	8.96	8.199	1.0
tutorial_data_1802	7.54	8.359	1.0
tutorial_data_3755	7.72	7.28	1.0
tutorial_data_6730	7.66	7.874	1.0
tutorial_data_1612	8.547	7.962	1.0
tutorial_data_3684	8.35	7.918	1.0
tutorial_data_3662	8.08	8.091	1.0
tutorial_data_1970	6.97	8.18	1.0
tutorial_data_8105	7.688	7.578	1.0
tutorial_data_7106	6.878	6.09	1.0
tutorial_data_3624	8.44	8.246	1.0
tutorial_data_8020	6.675	6.211	1.0
tutorial_data_3254	7.042	7.274	1.0
tutorial_data_2707	7.25	7.584	1.0
tutorial_data_5876	8.285	7.882	1.0
tutorial_data_7872	8.74	7.598	1.0
tutorial_data_3544	7.43	7.743	1.0
tutorial_data_1733	9.7	7.758	1.0
tutorial_data_2840	6.49	6.313	1.0
tutorial_data_1636	9.22	8.194	1.0
tutorial_data_0071	6.34	7.41	1.0
tutorial_data_8017	5.85	5.847	1.0
tutorial_data_0675	6.165	5.892	1.0
tutorial_data_3670	9.1	8.318	1.0
tutorial_data_2559	7.39	7.411	1.0
tutorial_data_7223	7.23	7.591	1.0
tutorial_data_4423	7.51	7.158	1.0
tutorial_data_8021	6.775	5.452	1.0
tutorial_data_0052	10.21	8.234	1.0
tutorial_data_4551	5.58	5.935	1.0
tutorial_data_0444	8.738	9.415	1.0
tutorial_data_0876	7.578	7.216	1.0
tutorial_data_1621	8.34	8.323	1.0
tutorial_data_6765	7.19	6.575	1.0
tutorial_data_7750	6.07	6.106	1.0
tutorial_data_1642	9.7	9.015	1.0
tutorial_data_3612	9.3	8.626	1.0
tutorial_data_1601	7.859	7.606	1.0
tutorial_data_1687	4.855	5.516	1.0
tutorial_data_5457	9.03	9.399	1.0
tutorial_data_3286	7.64	6.378	1.0
tutorial_data_7994	7.15	6.243	1.0
tutorial_data_0062	6.891	7.561	1.0
tutorial_data_1453	5.0	6.618	1.0
tutorial_data_8092	7.438	7.755	1.0
tutorial_data_3588	7.71	7.753	1.0
tutorial_data_3701	8.66	7.932	1.0
tutorial_data_6680	8.983	7.924	1.0
tutorial_data_5871	9.34	7.894	1.0
tutorial_data_2704	6.98	7.131	1.0
tutorial_data_7881	9.365	8.665	1.0
tutorial_data_3904	4.91	6.351	1.0
tutorial_data_1808	6.77	8.135	1.0
tutorial_data_3686	8.35	7.782	1.0
tutorial_data_1300	8.276	6.749	1.0
tutorial_data_3665	8.2	8.101	1.0
tutorial_data_7745	7.38	6.432	1.0
tutorial_data_7135	7.36	7.485	1.0
tutorial_data_1951	7.142	7.467	1.0
tutorial_data_6053	6.51	6.769	1.0
tutorial_data_4496	6.995	7.491	1.0
tutorial_data_1691	6.86	6.912	1.0
tutorial_data_7707	5.0	7.015	1.0
tutorial_data_3247	6.25	6.494	1.0
tutorial_data_4717	8.46	8.669	1.0
tutorial_data_3363	8.59	7.526	1.0
tutorial_data_3032	6.72	6.986	1.0
tutorial_data_1296	5.77	5.372	1.0
tutorial_data_0540	7.47	5.861	1.0
tutorial_data_2846	7.39	7.607	1.0
tutorial_data_0680	6.412	6.992	1.0
tutorial_data_7993	6.85	5.885	1.0
tutorial_data_6371	6.99	5.511	1.0
tutorial_data_5022	8.87	8.644	1.0
tutorial_data_4269	7.315	7.964	1.0
tutorial_data_7758	6.94	6.468	1.0
tutorial_data_1501	8.3	8.269	1.0
tutorial_data_6679	9.335	7.809	1.0
tutorial_data_4988	6.62	4.896	1.0
tutorial_data_2329	8.346	7.873	1.0
tutorial_data_1969	7.51	7.753	1.0
tutorial_data_5482	8.85	9.397	1.0
tutorial_data_6156	8.03	7.351	1.0
tutorial_data_2179	6.523	6.765	1.0
tutorial_data_1781	7.435	6.445	1.0
tutorial_data_3726	8.66	7.99	1.0
tutorial_data_2452	6.319	5.595	1.0
tutorial_data_7935	6.728	7.215	1.0
tutorial_data_1609	7.932	7.912	1.0
tutorial_data_7081	3.907	5.578	1.0
tutorial_data_4090	9.06	7.767	1.0
tutorial_data_1282	8.26	7.366	1.0
tutorial_data_1287	8.71	7.271	1.0
tutorial_data_2488	5.47	5.765	1.0
tutorial_data_2381	4.77	5.594	1.0
tutorial_data_3594	7.43	7.804	1.0
tutorial_data_1815	8.08	7.407	1.0
tutorial_data_1984	7.16	7.699	1.0
tutorial_data_0451	9.098	9.716	1.0
tutorial_data_3619	9.15	8.274	1.0
tutorial_data_7115	7.068	6.293	1.0
tutorial_data_6748	7.99	7.517	1.0
tutorial_data_1544	7.53	7.39	1.0
tutorial_data_2684	7.03	6.587	1.0
tutorial_data_2395	8.05	6.502	1.0
tutorial_data_1298	6.63	6.626	1.0
tutorial_data_5453	8.57	9.436	1.0
tutorial_data_3672	8.62	8.334	1.0
tutorial_data_5075	5.438	6.497	1.0
tutorial_data_3568	7.58	7.714	1.0
tutorial_data_5038	7.81	7.643	1.0
tutorial_data_5707	6.425	7.743	1.0
tutorial_data_1633	8.68	8.609	1.0
tutorial_data_4714	7.717	7.55	1.0
tutorial_data_2538	8.28	8.067	1.0
tutorial_data_0668	8.02	7.695	1.0
tutorial_data_1057	8.49	8.348	1.0
tutorial_data_4299	8.552	7.703	1.0
tutorial_data_2851	8.479	7.807	1.0
tutorial_data_1983	8.29	7.772	1.0
tutorial_data_4131	6.47	6.113	1.0
tutorial_data_5783	7.715	7.736	1.0
tutorial_data_2272	8.96	7.841	1.0
tutorial_data_3356	7.95	7.156	1.0
tutorial_data_5706	6.27	6.569	1.0
tutorial_data_2878	7.696	7.028	1.0
tutorial_data_0722	7.518	7.016	1.0
tutorial_data_0057	6.897	6.301	1.0
tutorial_data_6576	4.64	5.096	1.0
tutorial_data_0208	7.63	7.342	1.0
tutorial_data_5241	5.0	6.586	1.0
tutorial_data_1575	6.22	6.17	1.0
tutorial_data_6747	7.72	7.623	1.0
tutorial_data_4272	9.0	8.169	1.0
tutorial_data_7759	6.74	6.494	2.0
tutorial_data_3239	7.36	7.632	2.0
tutorial_data_2168	8.15	6.632	2.0
tutorial_data_3883	8.8	7.933	2.0
tutorial_data_3277	6.0	6.156	2.0
tutorial_data_3540	8.06	7.656	2.0
tutorial_data_7468	8.3	7.28	2.0
tutorial_data_2871	6.088	6.927	2.0
tutorial_data_2360	6.331	6.258	2.0
tutorial_data_3656	7.88	8.09	2.0
tutorial_data_6700	7.89	7.732	2.0
tutorial_data_0087	5.11	6.884	2.0
tutorial_data_2176	9.042	6.627	2.0
tutorial_data_1938	5.12	5.571	2.0
tutorial_data_1916	4.4	5.924	2.0
tutorial_data_7108	7.43	7.924	2.0
tutorial_data_1604	7.392	7.606	2.0
tutorial_data_1689	4.59	6.71	2.0
tutorial_data_1288	9.0	7.174	2.0
tutorial_data_0459	7.26	8.25	2.0
tutorial_data_4593	5.523	6.352	2.0
tutorial_data_5491	8.8	9.028	2.0
tutorial_data_3258	7.825	6.98	2.0
tutorial_data_8098	6.301	7.301	2.0
tutorial_data_0003	8.013	7.146	2.0
tutorial_data_7969	7.05	6.808	2.0
tutorial_data_1147	5.7	4.518	2.0
tutorial_data_1309	5.039	5.838	2.0
tutorial_data_3763	7.61	7.943	2.0
tutorial_data_0448	9.11	9.025	2.0
tutorial_data_0674	6.459	6.046	2.0
tutorial_data_1654	6.22	5.688	2.0
tutorial_data_3674	8.64	8.551	2.0
tutorial_data_0823	6.745	7.087	2.0
tutorial_data_3689	8.48	8.048	2.0
tutorial_data_0720	6.585	7.183	2.0
tutorial_data_8100	7.462	6.869	2.0
tutorial_data_3676	8.77	8.456	2.0
tutorial_data_3598	7.34	7.627	2.0
tutorial_data_1651	7.71	7.564	2.0
tutorial_data_8084	7.638	7.631	2.0
tutorial_data_5743	8.337	8.809	2.0
tutorial_data_0581	4.71	5.903	2.0
tutorial_data_4570	8.532	7.424	2.0
tutorial_data_6580	6.31	6.45	2.0
tutorial_data_2678	6.3	5.959	2.0
tutorial_data_1967	5.76	7.299	2.0
tutorial_data_4091	7.988	8.819	2.0
tutorial_data_0079	6.765	7.416	2.0
tutorial_data_3089	6.83	6.632	2.0
tutorial_data_4506	7.32	7.749	2.0
tutorial_data_5175	6.27	7.746	2.0
tutorial_data_2324	8.336	7.513	2.0
tutorial_data_7116	6.17	7.45	2.0
tutorial_data_1043	5.73	7.084	2.0
tutorial_data_0382	7.232	6.948	2.0
tutorial_data_2447	6.13	5.435	2.0
tutorial_data_5123	6.268	7.072	2.0
tutorial_data_4517	7.338	8.097	2.0
tutorial_data_1993	8.703	8.267	2.0
tutorial_data_3541	8.23	7.5	2.0
tutorial_data_3896	7.377	8.7	2.0
tutorial_data_1965	8.766	7.784	2.0
tutorial_data_6471	4.0	5.947	2.0
tutorial_data_5690	8.387	8.526	2.0
tutorial_data_3092	7.428	7.851	2.0
tutorial_data_7887	9.788	8.847	2.0
tutorial_data_0827	6.717	6.47	2.0
tutorial_data_8026	6.815	6.044	2.0
tutorial_data_1215	3.294	5.08	2.0
tutorial_data_0547	7.88	7.645	2.0
tutorial_data_5857	7.303	7.083	2.0
tutorial_data_1968	7.53	7.326	2.0
tutorial_data_3694	8.01	8.218	2.0
tutorial_data_7148	6.675	6.527	2.0
tutorial_data_0316	5.17	6.441	2.0
tutorial_data_3759	7.68	7.259	2.0
tutorial_data_1269	7.0	6.073	2.0
tutorial_data_4993	5.2	6.353	2.0
tutorial_data_2845	7.72	7.603	2.0
tutorial_data_3293	8.1	6.347	2.0
tutorial_data_3659	7.91	8.088	2.0
tutorial_data_2672	3.703	5.781	2.0
tutorial_data_3162	8.405	7.494	2.0
tutorial_data_0204	8.408	7.512	2.0
tutorial_data_5118	4.96	6.328	2.0
tutorial_data_1556	8.34	7.004	2.0
tutorial_data_1980	7.75	7.655	2.0
tutorial_data_0280	5.0	5.907	2.0
tutorial_data_8024	6.16	5.583	2.0
tutorial_data_1811	6.83	7.777	2.0
tutorial_data_0053	5.039	6.063	2.0
tutorial_data_0566	7.857	6.916	2.0
tutorial_data_1966	6.17	7.3	2.0
tutorial_data_1217	7.118	7.423	2.0
tutorial_data_0084	6.12	7.761	2.0
tutorial_data_3601	7.4	7.667	2.0
tutorial_data_1625	7.9	7.823	2.0
tutorial_data_3677	8.28	8.421	2.0
tutorial_data_4756	9.7	8.975	2.0
tutorial_data_2668	6.0	5.473	2.0
tutorial_data_1707	5.77	6.844	2.0
tutorial_data_5570	8.96	8.797	2.0
tutorial_data_3749	7.65	7.262	2.0
tutorial_data_3675	8.41	8.302	2.0
tutorial_data_4132	6.47	5.863	2.0
tutorial_data_0548	8.17	8.39	2.0
tutorial_data_7705	7.25	7.118	2.0
tutorial_data_5905	6.55	7.563	2.0
tutorial_data_3249	7.51	7.289	2.0
tutorial_data_2331	7.764	8.16	2.0
tutorial_data_3083	7.09	7.0	2.0
tutorial_data_7929	7.33	7.088	2.0
tutorial_data_0847	6.0	6.212	2.0
tutorial_data_1107	7.118	6.459	2.0
tutorial_data_3627	8.35	8.336	2.0
tutorial_data_3250	6.66	6.944	2.0
tutorial_data_1535	7.48	7.753	2.0
tutorial_data_0442	8.8	9.715	2.0
tutorial_data_1782	7.29	7.495	2.0
tutorial_data_5567	7.232	8.669	2.0
tutorial_data_1973	8.01	7.961	2.0
tutorial_data_2643	8.77	7.288	2.0
tutorial_data_8015	5.01	5.243	2.0
tutorial_data_0077	7.385	7.524	2.0
tutorial_data_0343	8.3	6.034	2.0
tutorial_data_4721	7.865	8.384	2.0
tutorial_data_5490	9.07	9.423	2.0
tutorial_data_0846	7.863	6.041	2.0
tutorial_data_5676	9.52	8.915	2.0
tutorial_data_3590	7.18	8.014	2.0
tutorial_data_1194	5.039	5.374	2.0
tutorial_data_7999	6.8	6.399	2.0
tutorial_data_5446	8.01	9.117	2.0
tutorial_data_2692	6.685	7.082	2.0
tutorial_data_3119	6.79	6.964	2.0
tutorial_data_8073	6.79	7.239	2.0
tutorial_data_3632	8.74	7.772	2.0
tutorial_data_2932	8.22	6.774	2.0
tutorial_data_0361	7.26	7.56	2.0
tutorial_data_1100	5.754	6.491	2.0
tutorial_data_2340	7.7	7.689	2.0
tutorial_data_0462	5.06	5.805	2.0
tutorial_data_7735	6.38	6.639	2.0
tutorial_data_1667	5.04	5.916	2.0
tutorial_data_2857	7.202	6.553	2.0
tutorial_data_3894	7.75	8.577	2.0
tutorial_data_7710	7.27	6.642	2.0
tutorial_data_0378	6.67	6.415	2.0
tutorial_data_1661	5.64	6.307	2.0
tutorial_data_7754	8.1	6.816	2.0
tutorial_data_7767	5.25	5.13	2.0
tutorial_data_7965	7.6	6.886	2.0
tutorial_data_0063	7.879	7.776	2.0
tutorial_data_7877	4.8	6.379	2.0
tutorial_data_2344	8.89	8.369	2.0
tutorial_data_1648	7.61	6.922	2.0
tutorial_data_1981	7.96	7.406	2.0
tutorial_data_6426	5.94	6.122	2.0
tutorial_data_0276	8.4	7.661	2.0
tutorial_data_0184	5.187	4.165	2.0
tutorial_data_0447	9.06	9.106	2.0
tutorial_data_7824	7.15	7.647	2.0
tutorial_data_7740	6.38	5.999	2.0
tutorial_data_3885	8.18	7.892	2.0
tutorial_data_6735	8.1	8.426	2.0
tutorial_data_1278	8.65	7.693	2.0
tutorial_data_2171	6.717	6.484	2.0
tutorial_data_0719	6.67	7.182	2.0
tutorial_data_5399	8.397	7.802	2.0
tutorial_data_8207	8.44	7.42	2.0
tutorial_data_1536	7.51	7.525	2.0
tutorial_data_5568	7.485	8.498	2.0
tutorial_data_5740	8.54	7.945	2.0
tutorial_data_3644	7.38	8.291	2.0
tutorial_data_4442	8.49	8.412	2.0
tutorial_data_5917	9.39	8.53	2.0
tutorial_data_1301	6.55	6.382	2.0
tutorial_data_7114	6.798	6.341	2.0
tutorial_data_8110	8.843	7.58	2.0
tutorial_data_2711	7.58	7.984	2.0
tutorial_data_0379	5.698	6.587	2.0
tutorial_data_1233	6.64	6.354	2.0
tutorial_data_0725	8.022	6.552	2.0
tutorial_data_3711	8.89	8.209	2.0
tutorial_data_2441	7.988	7.535	2.0
tutorial_data_2398	7.32	7.961	2.0
tutorial_data_2304	4.797	5.256	2.0
tutorial_data_3688	7.46	8.012	2.0
tutorial_data_5593	7.481	8.612	2.0
tutorial_data_5580	8.85	7.211	2.0
tutorial_data_6683	8.26	7.21	2.0
tutorial_data_3049	7.25	8.384	2.0
tutorial_data_3058	7.89	7.705	2.0
tutorial_data_2713	6.96	7.74	2.0
tutorial_data_3692	8.64	8.034	2.0
tutorial_data_0213	8.052	8.154	2.0
tutorial_data_3698	9.52	8.804	2.0
tutorial_data_4685	7.94	7.21	2.0
tutorial_data_7873	9.495	8.041	2.0
tutorial_data_3909	5.16	6.421	2.0
tutorial_data_3640	8.96	8.279	2.0
tutorial_data_2024	6.39	6.375	2.0
tutorial_data_0636	7.823	7.779	2.0
tutorial_data_8192	5.71	6.218	2.0
tutorial_data_5176	6.73	7.744	2.0
tutorial_data_3253	7.502	7.22	2.0
tutorial_data_3608	8.09	8.262	2.0
tutorial_data_3038	4.301	6.843	2.0
tutorial_data_7355	6.963	6.604	2.0
tutorial_data_2872	7.052	6.793	2.0
tutorial_data_2343	8.32	8.129	2.0
tutorial_data_5555	9.285	7.817	2.0
tutorial_data_0165	5.42	5.426	2.0
tutorial_data_8087	8.292	7.098	2.0
tutorial_data_5562	7.481	7.733	2.0
tutorial_data_5239	6.3	6.528	2.0
tutorial_data_3358	8.17	7.488	2.0
tutorial_data_0455	7.35	7.936	2.0
tutorial_data_1545	8.24	8.189	2.0
tutorial_data_2477	7.56	7.559	2.0
tutorial_data_4990	5.85	5.488	2.0
tutorial_data_8023	5.5	5.666	2.0
tutorial_data_7289	8.787	5.96	2.0
tutorial_data_0407	5.0	7.169	2.0
tutorial_data_3900	8.74	8.852	2.0
tutorial_data_8185	8.19	7.877	2.0
tutorial_data_4162	8.85	7.801	2.0
tutorial_data_4424	9.31	7.799	2.0
tutorial_data_0575	6.53	7.966	2.0
tutorial_data_8093	8.298	7.547	2.0
tutorial_data_2287	5.89	5.6	2.0
tutorial_data_2580	6.742	6.571	2.0
tutorial_data_5207	7.122	6.414	2.0
tutorial_data_4273	9.05	8.376	2.0
tutorial_data_0298	5.699	6.573	2.0
tutorial_data_2442	4.1	5.602	2.0
tutorial_data_2817	5.0	6.401	2.0
tutorial_data_4718	7.515	7.477	2.0
tutorial_data_8008	4.85	6.115	2.0
tutorial_data_2519	6.905	5.936	2.0
tutorial_data_3658	7.36	8.023	2.0
tutorial_data_0054	7.68	6.282	2.0
tutorial_data_2266	6.51	7.596	2.0
tutorial_data_3189	6.91	6.674	2.0
tutorial_data_2475	7.79	7.835	2.0
tutorial_data_3742	9.1	8.257	2.0
tutorial_data_5864	7.165	7.418	2.0
tutorial_data_8112	7.655	7.634	2.0
tutorial_data_3246	6.46	6.507	2.0
tutorial_data_0454	8.825	9.624	2.0
tutorial_data_3534	8.23	7.495	2.0
tutorial_data_0051	7.099	6.335	2.0
tutorial_data_5492	9.21	9.321	2.0
tutorial_data_2028	8.615	8.127	2.0
tutorial_data_6702	7.87	8.25	2.0
tutorial_data_6051	8.445	5.581	2.0
tutorial_data_0599	4.815	5.834	2.0
tutorial_data_7680	6.86	6.712	2.0
tutorial_data_0073	7.077	7.336	2.0
tutorial_data_1584	8.335	7.071	2.0
tutorial_data_2273	7.48	7.568	2.0
tutorial_data_3761	7.84	7.916	2.0
tutorial_data_2644	6.0	7.223	2.0
tutorial_data_0411	6.0	7.306	2.0
tutorial_data_3729	8.08	7.738	2.0
tutorial_data_7704	7.42	6.939	2.0
tutorial_data_8019	5.725	5.564	2.0
tutorial_data_0040	7.4	6.685	2.0
tutorial_data_0723	7.837	6.975	2.0
tutorial_data_3071	8.66	8.569	2.0
tutorial_data_5840	9.35	9.313	2.0
tutorial_data_5108	7.11	7.808	2.0
tutorial_data_1977	7.45	7.608	2.0
tutorial_data_7995	6.69	6.562	2.0
tutorial_data_7761	5.44	6.199	2.0
tutorial_data_3714	8.49	8.222	2.0
tutorial_data_8072	6.0	6.788	2.0
tutorial_data_3281	6.91	5.508	2.0
tutorial_data_0450	9.54	9.468	2.0
tutorial_data_3767	8.042	7.511	2.0
tutorial_data_0849	6.11	5.548	2.0
tutorial_data_8014	6.33	6.392	2.0
tutorial_data_6055	8.52	7.028	2.0
tutorial_data_7354	8.26	5.923	2.0
tutorial_data_7880	9.215	8.47	2.0
tutorial_data_1081	3.312	5.946	2.0
tutorial_data_1964	8.915	7.801	2.0
tutorial_data_4594	6.92	7.643	2.0
tutorial_data_8013	7.66	6.252	2.0
tutorial_data_1982	8.13	7.556	2.0
tutorial_data_7884	8.805	8.691	2.0
tutorial_data_4092	8.51	8.252	2.0
tutorial_data_6473	4.0	5.461	2.0
tutorial_data_3563	7.7	7.496	2.0
tutorial_data_2445	7.75	7.09	2.0
tutorial_data_0545	8.14	7.773	2.0
tutorial_data_7886	9.09	7.744	2.0
tutorial_data_1979	8.13	7.806	2.0
tutorial_data_2670	7.89	6.52	2.0
tutorial_data_5853	7.6	8.709	2.0
tutorial_data_3599	7.59	7.479	2.0
tutorial_data_7765	6.7	6.518	2.0
tutorial_data_0346	8.0	6.022	2.0
tutorial_data_7357	8.55	6.213	2.0
tutorial_data_0838	6.803	6.455	2.0
tutorial_data_6684	7.67	7.345	2.0
tutorial_data_5447	8.387	8.385	2.0
tutorial_data_7764	5.52	5.67	2.0
tutorial_data_2480	8.42	7.684	2.0
tutorial_data_0570	7.413	7.113	2.0
tutorial_data_2602	4.523	5.473	2.0
tutorial_data_4147	5.5	5.438	2.0
tutorial_data_5323	5.71	6.085	2.0
tutorial_data_3564	7.43	7.328	2.0
tutorial_data_1829	5.03	5.582	2.0
tutorial_data_0430	9.595	8.876	2.0
tutorial_data_5461	8.873	8.312	2.0
tutorial_data_3284	5.9	6.07	2.0
tutorial_data_6721	8.1	7.571	2.0
tutorial_data_3625	9.22	8.267	2.0
tutorial_data_3727	8.36	7.941	2.0
tutorial_data_3758	7.55	7.405	2.0
tutorial_data_5107	7.518	8.678	2.0
tutorial_data_5468	9.35	9.625	2.0
tutorial_data_2495	6.372	6.567	2.0
tutorial_data_6057	5.92	6.231	2.0
tutorial_data_3587	6.738	8.095	2.0
tutorial_data_6466	5.375	6.239	3.0
tutorial_data_1573	6.317	6.162	3.0
tutorial_data_5916	8.73	9.041	3.0
tutorial_data_3648	8.15	8.296	3.0
tutorial_data_2178	6.783	7.073	3.0
tutorial_data_0762	6.92	7.211	3.0
tutorial_data_0667	8.15	7.528	3.0
tutorial_data_6581	9.29	8.304	3.0
tutorial_data_5890	6.177	7.24	3.0
tutorial_data_0187	4.66	5.049	3.0
tutorial_data_0729	7.858	6.963	3.0
tutorial_data_6415	4.535	5.451	3.0
tutorial_data_3257	7.202	6.685	3.0
tutorial_data_4418	8.04	8.801	3.0
tutorial_data_2469	7.16	7.32	3.0
tutorial_data_0375	7.158	7.78	3.0
tutorial_data_1803	7.84	7.72	3.0
tutorial_data_3580	7.89	7.842	3.0
tutorial_data_1462	4.892	7.131	3.0
tutorial_data_3361	8.21	7.677	3.0
tutorial_data_4516	7.442	7.872	3.0
tutorial_data_7970	6.79	7.042	3.0
tutorial_data_8182	6.0	6.614	3.0
tutorial_data_5469	9.26	9.827	3.0
tutorial_data_7989	6.14	7.181	3.0
tutorial_data_2359	4.315	5.604	3.0
tutorial_data_5577	8.703	7.852	3.0
tutorial_data_5687	7.0	7.726	3.0
tutorial_data_1574	6.47	5.811	3.0
tutorial_data_6453	7.385	7.732	3.0
tutorial_data_3626	7.5	8.159	3.0
tutorial_data_8169	6.0	7.234	3.0
tutorial_data_5489	8.96	9.446	3.0
tutorial_data_7733	5.1	6.08	3.0
tutorial_data_1622	8.42	7.945	3.0
tutorial_data_8171	9.06	8.116	3.0
tutorial_data_3021	4.86	5.59	3.0
tutorial_data_1606	7.085	7.924	3.0
tutorial_data_3664	8.0	8.028	3.0
tutorial_data_1736	8.01	7.205	3.0
tutorial_data_3610	8.4	8.448	3.0
tutorial_data_3584	7.84	7.759	3.0
tutorial_data_3255	7.598	7.211	3.0
tutorial_data_5085	7.91	7.755	3.0
tutorial_data_5914	8.31	9.107	3.0
tutorial_data_1222	6.0	5.317	3.0
tutorial_data_7732	5.1	5.805	3.0
tutorial_data_0197	4.081	4.405	3.0
tutorial_data_0200	4.83	4.524	3.0
tutorial_data_5576	9.64	7.879	3.0
tutorial_data_3291	7.06	6.221	3.0
tutorial_data_3290	6.96	6.223	3.0
tutorial_data_8012	8.525	5.856	3.0
tutorial_data_7762	8.066	5.583	3.0
tutorial_data_4720	8.45	8.458	3.0
tutorial_data_5920	7.616	8.71	3.0
tutorial_data_2365	7.79	7.923	3.0
tutorial_data_7926	6.78	7.572	3.0
tutorial_data_5082	4.18	5.774	3.0
tutorial_data_3884	8.09	7.808	3.0
tutorial_data_6457	4.72	5.702	3.0
tutorial_data_3576	7.39	8.259	3.0
tutorial_data_1831	5.97	5.878	3.0
tutorial_data_7936	6.5	6.542	3.0
tutorial_data_1052	6.311	6.997	3.0
tutorial_data_3349	6.69	8.091	3.0
tutorial_data_3085	7.6	7.312	3.0
tutorial_data_2682	7.52	6.562	3.0
tutorial_data_0865	7.0	6.246	3.0
tutorial_data_6417	7.72	6.1	3.0
tutorial_data_3668	8.8	7.891	3.0
tutorial_data_3050	8.94	8.42	3.0
tutorial_data_0832	6.565	6.571	3.0
tutorial_data_3663	8.03	7.696	3.0
tutorial_data_3468	4.523	5.392	3.0
tutorial_data_3084	7.04	6.75	3.0
tutorial_data_0568	6.319	6.733	3.0
tutorial_data_3667	8.1	7.827	3.0
tutorial_data_4270	7.978	7.765	3.0
tutorial_data_0484	6.055	6.429	3.0
tutorial_data_3903	9.0	8.623	3.0
tutorial_data_0222	7.51	5.863	3.0
tutorial_data_7752	7.52	6.399	3.0
tutorial_data_7939	7.57	6.797	3.0
tutorial_data_2140	4.82	5.954	3.0
tutorial_data_7971	7.27	6.905	3.0
tutorial_data_1694	8.072	6.371	3.0
tutorial_data_6519	6.243	6.616	3.0
tutorial_data_3256	6.802	6.517	3.0
tutorial_data_3570	7.86	7.56	3.0
tutorial_data_2113	6.23	7.219	3.0
tutorial_data_2889	4.936	6.626	3.0
tutorial_data_5186	6.775	7.58	3.0
tutorial_data_4552	5.5	6.785	3.0
tutorial_data_5111	7.96	8.484	3.0
tutorial_data_3708	8.7	7.759	3.0
tutorial_data_5459	8.92	9.335	3.0
tutorial_data_4515	6.168	7.931	3.0
tutorial_data_3732	8.22	8.393	3.0
tutorial_data_3687	7.17	7.49	3.0
tutorial_data_4182	8.19	8.008	3.0
tutorial_data_4842	5.5	6.191	3.0
tutorial_data_1986	7.25	7.634	3.0
tutorial_data_0730	6.523	7.304	3.0
tutorial_data_3912	7.92	7.764	3.0
tutorial_data_3057	8.33	7.469	3.0
tutorial_data_1656	5.37	5.687	3.0
tutorial_data_1732	8.85	7.871	3.0
tutorial_data_1577	7.86	7.995	3.0
tutorial_data_7694	6.443	6.906	3.0
tutorial_data_5497	7.52	7.53	3.0
tutorial_data_1369	4.505	5.03	3.0
tutorial_data_8107	6.415	7.809	3.0
tutorial_data_1946	3.301	5.401	3.0
tutorial_data_3743	8.96	8.152	3.0
tutorial_data_5240	6.523	6.544	3.0
tutorial_data_8027	6.105	6.117	3.0
tutorial_data_2680	4.92	5.396	3.0
tutorial_data_7693	5.998	6.655	3.0
tutorial_data_4999	5.0	6.465	3.0
tutorial_data_3643	8.12	8.05	3.0
tutorial_data_2137	4.0	6.431	3.0
tutorial_data_5225	7.055	7.112	3.0
tutorial_data_1650	5.24	6.525	3.0
tutorial_data_1952	7.595	7.474	3.0
tutorial_data_0039	6.11	5.01	3.0
tutorial_data_0232	7.104	5.765	3.0
tutorial_data_4247	7.805	8.366	3.0
tutorial_data_7955	7.82	7.467	3.0
tutorial_data_0627	8.23	7.786	3.0
tutorial_data_3893	7.174	8.888	3.0
tutorial_data_0161	8.253	7.776	3.0
tutorial_data_0216	4.72	6.478	3.0
tutorial_data_6582	9.06	8.687	3.0
tutorial_data_1216	7.49	7.561	3.0
tutorial_data_5692	8.887	8.312	3.0
tutorial_data_2869	7.242	6.851	3.0
tutorial_data_0078	5.594	6.772	3.0
tutorial_data_0334	6.45	6.386	3.0
tutorial_data_0543	7.38	7.798	3.0
tutorial_data_0344	6.39	6.36	3.0
tutorial_data_7711	7.66	6.277	3.0
tutorial_data_0693	4.819	5.47	3.0
tutorial_data_3721	8.34	8.037	3.0
tutorial_data_2882	6.77	6.108	3.0
tutorial_data_1445	6.92	7.587	3.0
tutorial_data_7074	4.11	5.454	3.0
tutorial_data_0314	4.872	7.631	3.0
tutorial_data_6278	4.64	5.42	3.0
tutorial_data_0220	6.742	5.545	3.0
tutorial_data_0069	6.912	6.992	3.0
tutorial_data_7518	4.25	6.51	3.0
tutorial_data_4507	6.762	7.743	3.0
tutorial_data_4755	7.51	8.693	3.0
tutorial_data_0582	4.678	5.452	3.0
tutorial_data_3631	8.973	8.036	3.0
tutorial_data_5151	9.52	8.665	3.0
tutorial_data_3685	8.31	7.938	3.0
tutorial_data_7244	7.73	8.575	3.0
tutorial_data_0042	6.98	6.006	3.0
tutorial_data_3029	6.79	6.514	3.0
tutorial_data_1626	7.7	8.089	3.0
tutorial_data_7933	7.28	7.419	3.0
tutorial_data_2933	7.96	6.166	3.0
tutorial_data_1664	5.51	6.183	3.0
tutorial_data_2437	4.95	5.293	3.0
tutorial_data_3298	7.78	8.607	3.0
tutorial_data_7491	6.5	6.182	3.0
tutorial_data_3908	7.925	8.308	3.0
tutorial_data_6763	6.46	6.449	3.0
tutorial_data_2683	7.96	6.983	3.0
tutorial_data_2169	7.885	7.138	3.0
tutorial_data_7875	9.235	8.514	3.0
tutorial_data_6751	7.47	7.556	3.0
tutorial_data_7702	3.702	5.944	3.0
tutorial_data_1193	5.86	5.287	3.0
tutorial_data_8085	6.56	7.652	3.0
tutorial_data_0074	7.396	6.868	3.0
tutorial_data_8080	6.301	8.016	3.0
tutorial_data_3748	7.72	8.168	3.0
tutorial_data_5918	7.481	9.102	3.0
tutorial_data_8102	6.762	7.282	3.0
tutorial_data_1141	7.96	6.415	3.0
tutorial_data_0064	7.824	7.392	3.0
tutorial_data_7770	6.885	5.642	3.0
tutorial_data_5099	8.085	7.74	3.0
tutorial_data_3121	8.15	6.892	3.0
tutorial_data_1616	6.665	7.687	3.0
tutorial_data_6464	4.0	6.207	3.0
tutorial_data_5460	8.55	8.744	3.0
tutorial_data_0266	7.74	8.358	3.0
tutorial_data_3054	6.58	7.163	3.0
tutorial_data_3274	7.05	5.964	3.0
tutorial_data_4736	7.578	7.938	3.0
tutorial_data_2435	7.443	7.087	3.0
tutorial_data_1542	7.85	7.986	3.0
tutorial_data_0814	6.542	6.029	3.0
tutorial_data_0191	4.91	4.52	3.0
tutorial_data_7137	7.88	7.659	3.0
tutorial_data_5076	6.255	6.393	3.0
tutorial_data_2103	7.157	6.751	3.0
tutorial_data_7756	7.92	6.602	3.0
tutorial_data_2440	5.02	6.037	3.0
tutorial_data_7757	7.6	6.263	3.0
tutorial_data_6065	4.4	6.304	3.0
tutorial_data_2710	8.0	7.848	3.0
tutorial_data_5967	3.721	5.499	3.0
tutorial_data_0286	8.03	7.171	3.0
tutorial_data_1848	4.0	5.703	3.0
tutorial_data_5572	9.175	8.054	3.0
tutorial_data_4502	7.545	7.673	3.0
tutorial_data_2276	7.89	7.674	3.0
tutorial_data_2873	7.262	7.076	3.0
tutorial_data_5906	9.26	9.527	3.0
tutorial_data_7992	7.17	6.177	3.0
tutorial_data_3582	7.32	7.696	3.0
tutorial_data_2494	7.144	6.363	3.0
tutorial_data_7324	6.568	7.322	3.0
tutorial_data_1598	8.855	8.002	3.0
tutorial_data_3830	5.5	6.151	3.0
tutorial_data_6054	7.18	6.562	3.0
tutorial_data_0219	6.966	5.373	3.0
tutorial_data_3551	9.7	8.059	3.0
tutorial_data_3635	7.55	7.703	3.0
tutorial_data_3538	8.19	7.957	3.0
tutorial_data_7103	6.287	6.535	3.0
tutorial_data_1700	6.708	6.74	3.0
tutorial_data_5470	7.481	9.841	3.0
tutorial_data_7736	6.68	6.464	3.0
tutorial_data_3693	8.6	8.002	3.0
tutorial_data_2598	6.623	7.896	3.0
tutorial_data_1972	7.93	7.56	3.0
tutorial_data_1999	7.585	7.56	3.0
tutorial_data_0082	6.488	7.334	3.0
tutorial_data_0005	6.86	7.261	3.0
tutorial_data_7739	6.63	6.373	3.0
tutorial_data_4710	7.481	7.97	3.0
tutorial_data_1053	8.11	8.042	3.0
tutorial_data_3756	8.0	7.58	3.0
tutorial_data_2382	7.277	7.044	3.0
tutorial_data_4722	8.19	8.457	3.0
tutorial_data_7746	6.93	6.316	3.0
tutorial_data_1306	7.735	7.106	3.0
tutorial_data_0388	7.769	6.421	3.0
tutorial_data_2875	7.248	6.976	3.0
tutorial_data_4184	7.8	7.997	3.0
tutorial_data_8108	8.992	7.774	3.0
tutorial_data_3682	8.25	8.452	3.0
tutorial_data_8099	6.0	7.668	3.0
tutorial_data_7941	6.74	6.529	3.0
tutorial_data_7067	5.25	5.472	3.0
tutorial_data_0396	6.59	6.524	3.0
tutorial_data_3897	8.52	8.969	3.0
tutorial_data_5488	10.0	9.968	3.0
tutorial_data_8156	6.14	7.012	3.0
tutorial_data_4989	6.51	5.387	3.0
tutorial_data_6762	7.32	6.971	3.0
tutorial_data_1976	7.41	8.188	3.0
tutorial_data_3283	6.82	6.351	3.0
tutorial_data_3004	6.365	6.91	3.0
tutorial_data_6722	7.7	7.745	3.0
tutorial_data_5116	7.132	8.055	3.0
tutorial_data_7639	4.378	5.379	3.0
tutorial_data_8086	8.065	7.405	3.0
tutorial_data_6517	6.967	6.464	3.0
tutorial_data_3603	7.52	7.368	3.0
tutorial_data_8001	6.345	6.62	3.0
tutorial_data_0384	7.22	6.323	3.0
tutorial_data_1613	7.885	7.951	3.0
tutorial_data_1572	6.34	6.708	3.0
tutorial_data_1863	6.068	7.268	3.0
tutorial_data_2468	7.59	7.549	3.0
tutorial_data_0514	4.05	5.914	3.0
tutorial_data_0326	5.97	6.347	3.0
tutorial_data_1274	9.39	7.883	3.0
tutorial_data_7467	6.85	7.352	3.0
tutorial_data_0578	4.67	5.365	3.0
tutorial_data_2318	9.0	7.141	3.0
tutorial_data_5037	7.21	7.788	3.0
tutorial_data_6737	7.24	7.783	3.0
tutorial_data_3913	8.012	7.64	3.0
tutorial_data_7741	7.77	6.226	3.0
tutorial_data_3307	7.64	9.885	3.0
tutorial_data_4417	9.1	8.446	3.0
tutorial_data_4991	4.0	6.4	3.0
tutorial_data_6441	4.0	6.382	3.0
tutorial_data_7703	3.668	5.592	3.0
tutorial_data_1697	6.274	6.632	3.0
tutorial_data_0221	6.47	5.68	3.0
tutorial_data_5322	5.93	6.113	3.0
tutorial_data_3581	8.39	8.528	3.0
tutorial_data_3895	8.66	8.754	3.0
tutorial_data_7353	9.07	6.515	3.0
tutorial_data_8004	7.38	6.272	3.0
tutorial_data_1867	6.565	6.44	3.0
tutorial_data_3287	6.46	6.355	3.0
tutorial_data_1627	8.43	7.772	3.0
tutorial_data_0076	6.848	7.269	3.0
tutorial_data_1281	8.05	7.192	3.0
tutorial_data_0180	4.62	4.776	3.0
tutorial_data_3723	8.09	7.811	3.0
tutorial_data_2351	6.89	7.39	3.0
tutorial_data_0864	6.6	6.188	3.0
tutorial_data_8209	6.0	7.501	3.0
tutorial_data_0819	6.837	6.207	3.0
tutorial_data_3537	7.97	7.537	3.0
tutorial_data_7356	6.401	6.032	3.0
tutorial_data_0544	8.25	7.698	3.0
tutorial_data_0070	8.082	7.435	3.0
tutorial_data_8029	6.32	5.471	3.0
tutorial_data_2532	5.882	6.418	3.0
tutorial_data_4834	5.5	6.691	3.0
tutorial_data_0214	7.46	6.971	3.0
tutorial_data_1705	5.62	6.612	3.0
tutorial_data_0056	6.84	6.405	3.0
tutorial_data_7470	6.86	6.755	3.0
tutorial_data_1635	8.77	8.988	3.0
tutorial_data_1599	7.802	7.655	3.0
tutorial_data_2451	6.041	6.256	3.0
tutorial_data_4514	6.15	7.769	3.0
tutorial_data_3282	5.82	6.353	3.0
tutorial_data_2671	6.85	6.231	3.0
tutorial_data_1188	5.039	5.522	3.0
tutorial_data_0342	6.08	6.791	3.0
tutorial_data_3666	8.14	8.161	3.0
tutorial_data_0320	8.09	5.993	3.0
tutorial_data_3673	9.1	8.547	3.0
tutorial_data_2884	3.977	5.359	3.0
tutorial_data_1718	8.344	7.475	4.0
tutorial_data_1388	7.18	7.082	4.0
tutorial_data_3719	9.4	8.335	4.0
tutorial_data_2476	8.7	8.354	4.0
tutorial_data_1708	6.7	6.416	4.0
tutorial_data_3553	9.22	7.913	4.0
tutorial_data_5235	5.0	6.694	4.0
tutorial_data_1652	6.72	5.534	4.0
tutorial_data_4087	7.906	8.268	4.0
tutorial_data_0515	5.15	5.985	4.0
tutorial_data_1371	4.69	5.211	4.0
tutorial_data_1571	6.157	6.547	4.0
tutorial_data_1253	6.89	4.954	4.0
tutorial_data_0821	6.685	6.473	4.0
tutorial_data_3292	6.42	5.689	4.0
tutorial_data_1513	7.86	7.88	4.0
tutorial_data_1317	6.58	5.451	4.0
tutorial_data_1370	4.61	5.569	4.0
tutorial_data_1810	7.51	7.527	4.0
tutorial_data_2172	6.315	6.943	4.0
tutorial_data_2542	7.325	6.678	4.0
tutorial_data_3260	7.148	7.382	4.0
tutorial_data_3739	7.88	8.026	4.0
tutorial_data_0050	7.47	8.243	4.0
tutorial_data_6752	7.96	7.483	4.0
tutorial_data_7662	7.961	6.202	4.0
tutorial_data_3261	7.475	7.447	4.0
tutorial_data_5484	9.96	9.565	4.0
tutorial_data_2473	8.35	7.553	4.0
tutorial_data_1816	6.808	7.387	4.0
tutorial_data_7471	8.52	7.378	4.0
tutorial_data_3898	8.36	8.073	4.0
tutorial_data_2887	5.9	6.153	4.0
tutorial_data_4704	5.745	6.064	4.0
tutorial_data_6753	7.63	7.604	4.0
tutorial_data_1302	6.833	6.618	4.0
tutorial_data_2383	5.0	6.859	4.0
tutorial_data_0601	4.1	5.616	4.0
tutorial_data_6768	7.28	6.841	4.0
tutorial_data_4085	8.69	8.281	4.0
tutorial_data_7968	8.4	6.73	4.0
tutorial_data_5095	8.055	7.324	4.0
tutorial_data_0836	7.77	6.668	4.0
tutorial_data_1821	6.64	7.682	4.0
tutorial_data_4144	5.5	5.301	4.0
tutorial_data_1864	9.3	8.023	4.0
tutorial_data_1618	7.95	7.901	4.0
tutorial_data_0648	4.931	5.447	4.0
tutorial_data_1692	7.282	6.323	4.0
tutorial_data_7943	6.37	6.56	4.0
tutorial_data_4686	7.717	7.432	4.0
tutorial_data_1647	9.7	9.09	4.0
tutorial_data_4426	6.52	6.949	4.0
tutorial_data_6758	5.59	6.029	4.0
tutorial_data_0019	7.17	9.124	4.0
tutorial_data_1539	8.51	8.314	4.0
tutorial_data_5472	8.2	10.218	4.0
tutorial_data_0441	8.985	9.716	4.0
tutorial_data_2401	7.77	6.838	4.0
tutorial_data_4079	6.0	7.169	4.0
tutorial_data_1366	5.455	5.394	4.0
tutorial_data_2548	7.62	8.508	4.0
tutorial_data_0067	7.084	7.034	4.0
tutorial_data_6678	9.18	8.315	4.0
tutorial_data_3147	8.225	8.633	4.0
tutorial_data_5088	6.1	6.279	4.0
tutorial_data_8104	8.755	7.482	4.0
tutorial_data_8160	6.0	6.854	4.0
tutorial_data_0673	5.603	6.16	4.0
tutorial_data_7593	6.68	6.86	4.0
tutorial_data_1446	9.055	8.109	4.0
tutorial_data_1042	5.0	5.619	4.0
tutorial_data_1385	8.1	7.964	4.0
tutorial_data_2039	7.47	7.583	4.0
tutorial_data_1229	5.039	5.605	4.0
tutorial_data_0445	9.24	9.712	4.0
tutorial_data_3259	7.64	6.905	4.0
tutorial_data_3192	8.92	7.783	4.0
tutorial_data_3630	9.2	8.105	4.0
tutorial_data_6764	6.24	6.19	4.0
tutorial_data_2679	5.0	6.701	4.0
tutorial_data_1962	9.473	8.693	4.0
tutorial_data_4499	7.599	7.663	4.0
tutorial_data_3661	8.0	7.857	4.0
tutorial_data_7954	7.24	7.2	4.0
tutorial_data_2284	6.278	6.485	4.0
tutorial_data_8028	6.1	5.631	4.0
tutorial_data_5180	5.523	7.661	4.0
tutorial_data_6518	6.153	6.542	4.0
tutorial_data_1500	8.03	7.994	4.0
tutorial_data_4508	7.235	7.814	4.0
tutorial_data_3583	7.63	7.395	4.0
tutorial_data_6942	7.8	8.833	4.0
tutorial_data_4441	6.885	7.773	4.0
tutorial_data_5181	6.42	7.829	4.0
tutorial_data_5112	8.8	8.666	4.0
tutorial_data_7938	7.085	7.033	4.0
tutorial_data_4916	5.86	5.777	4.0
tutorial_data_3168	5.72	6.333	4.0
tutorial_data_7889	9.062	8.464	4.0
tutorial_data_0351	6.12	6.172	4.0
tutorial_data_1562	7.29	7.361	4.0
tutorial_data_1252	4.465	4.261	4.0
tutorial_data_3561	7.88	7.452	4.0
tutorial_data_5638	8.335	8.589	4.0
tutorial_data_0435	9.41	9.435	4.0
tutorial_data_0728	8.065	7.607	4.0
tutorial_data_1690	6.17	6.398	4.0
tutorial_data_7755	6.74	7.08	4.0
tutorial_data_2868	7.36	6.708	4.0
tutorial_data_1628	7.27	8.249	4.0
tutorial_data_3722	8.64	7.722	4.0
tutorial_data_0672	6.86	7.15	4.0
tutorial_data_3076	5.665	6.394	4.0
tutorial_data_3706	8.7	7.798	4.0
tutorial_data_3764	7.37	7.1	4.0
tutorial_data_5149	8.92	8.639	4.0
tutorial_data_5870	7.75	7.979	4.0
tutorial_data_8113	8.733	7.394	4.0
tutorial_data_2042	6.485	7.615	4.0
tutorial_data_0613	8.494	7.354	4.0
tutorial_data_0182	4.43	4.76	4.0
tutorial_data_3573	7.32	7.546	4.0
tutorial_data_4757	8.96	7.356	4.0
tutorial_data_1223	5.039	5.681	4.0
tutorial_data_0193	5.11	4.681	4.0
tutorial_data_2669	7.57	6.261	4.0
tutorial_data_3592	9.22	7.375	4.0
tutorial_data_5471	9.7	10.159	4.0
tutorial_data_3754	7.55	7.427	4.0
tutorial_data_5544	5.82	6.262	4.0
tutorial_data_4513	7.835	7.65	4.0
tutorial_data_2138	5.07	6.128	4.0
tutorial_data_1686	8.23	7.56	4.0
tutorial_data_0352	7.02	6.259	4.0
tutorial_data_3077	6.62	7.036	4.0
tutorial_data_2634	4.85	5.643	4.0
tutorial_data_0196	4.22	4.05	4.0
tutorial_data_0223	7.75	6.101	4.0
tutorial_data_4251	5.9	6.606	4.0
tutorial_data_0190	4.73	4.647	4.0
tutorial_data_6422	3.301	4.897	4.0
tutorial_data_2479	7.85	7.4	4.0
tutorial_data_0646	4.464	5.184	4.0
tutorial_data_5454	9.66	8.735	4.0
tutorial_data_2342	8.37	7.896	4.0
tutorial_data_5451	8.59	9.876	4.0
tutorial_data_0001	8.4	8.661	4.0
tutorial_data_3651	8.55	8.09	4.0
tutorial_data_2174	6.599	6.421	4.0
tutorial_data_5390	9.093	8.847	4.0
tutorial_data_5913	9.438	9.514	4.0
tutorial_data_2874	6.375	6.995	4.0
tutorial_data_6060	5.8	7.251	4.0
tutorial_data_2328	7.73	7.833	4.0
tutorial_data_3198	3.406	5.426	4.0
tutorial_data_3744	8.29	7.789	4.0
tutorial_data_5093	8.48	7.489	4.0
tutorial_data_1231	5.15	5.404	4.0
tutorial_data_1214	6.765	6.221	4.0
tutorial_data_5478	8.82	9.639	4.0
tutorial_data_5578	8.208	8.209	4.0
tutorial_data_7096	6.48	6.706	4.0
tutorial_data_3890	7.31	8.309	4.0
tutorial_data_0195	4.372	4.124	4.0
tutorial_data_4431	7.82	7.368	4.0
tutorial_data_2708	5.45	7.698	4.0
tutorial_data_1276	7.912	7.624	4.0
tutorial_data_3567	7.78	7.116	4.0
tutorial_data_2993	9.36	8.716	4.0
tutorial_data_3272	5.665	6.791	4.0
tutorial_data_0433	7.58	8.506	4.0
tutorial_data_3752	7.22	7.529	4.0
tutorial_data_5691	8.96	8.604	4.0
tutorial_data_1712	7.08	7.14	4.0
tutorial_data_3710	7.71	7.677	4.0
tutorial_data_3717	7.53	8.073	4.0
tutorial_data_3591	7.64	7.569	4.0
tutorial_data_6697	7.42	7.956	4.0
tutorial_data_0440	8.657	9.644	4.0
tutorial_data_1818	8.062	7.848	4.0
tutorial_data_5878	8.27	7.267	4.0
tutorial_data_1319	6.41	5.286	4.0
tutorial_data_3296	6.8	5.855	4.0
tutorial_data_8040	8.38	6.316	4.0
tutorial_data_0212	7.828	7.346	4.0
tutorial_data_8034	7.39	7.872	4.0
tutorial_data_2470	7.56	7.137	4.0
tutorial_data_0046	5.039	5.65	4.0
tutorial_data_3609	8.92	8.308	4.0
tutorial_data_3062	4.5	6.083	4.0
tutorial_data_1640	9.3	9.538	4.0
tutorial_data_4567	8.682	7.788	4.0
tutorial_data_3746	8.42	7.954	4.0
tutorial_data_1209	7.82	7.521	4.0
tutorial_data_8000	6.89	6.086	4.0
tutorial_data_1183	6.0	6.394	4.0
tutorial_data_3120	7.42	7.47	4.0
tutorial_data_3613	8.97	7.925	4.0
tutorial_data_7742	7.64	6.379	4.0
tutorial_data_8217	6.96	7.572	4.0
tutorial_data_2323	8.112	7.926	4.0
tutorial_data_2645	5.0	6.77	4.0
tutorial_data_5450	8.57	8.913	4.0
tutorial_data_0317	8.38	6.654	4.0
tutorial_data_3533	7.81	7.6	4.0
tutorial_data_3001	4.935	6.075	4.0
tutorial_data_3669	8.37	8.73	4.0
tutorial_data_7110	7.359	7.494	4.0
tutorial_data_0813	5.715	6.153	4.0
tutorial_data_3620	8.62	8.274	4.0
tutorial_data_2848	7.43	7.637	4.0
tutorial_data_3691	8.17	8.208	4.0
tutorial_data_5784	8.16	7.312	4.0
tutorial_data_3709	8.68	7.798	4.0
tutorial_data_1586	4.79	5.295	4.0
tutorial_data_3299	6.687	6.367	4.0
tutorial_data_1101	5.17	6.659	4.0
tutorial_data_3081	9.542	8.717	4.0
tutorial_data_3605	8.39	8.036	4.0
tutorial_data_3288	6.52	6.207	4.0
tutorial_data_1957	5.23	5.155	4.0
tutorial_data_2271	6.0	7.956	4.0
tutorial_data_1713	6.69	6.395	4.0
tutorial_data_3362	7.9	8.121	4.0
tutorial_data_6701	7.72	7.718	4.0
tutorial_data_3738	8.55	8.162	4.0
tutorial_data_3615	9.15	8.226	4.0
tutorial_data_3562	7.28	6.923	4.0
tutorial_data_4795	5.87	6.166	4.0
tutorial_data_2453	6.425	5.884	4.0
tutorial_data_7888	9.29	8.383	4.0
tutorial_data_7075	5.111	5.143	4.0
tutorial_data_5480	9.26	9.943	4.0
tutorial_data_4313	6.66	7.153	4.0
tutorial_data_7813	7.602	7.067	4.0
tutorial_data_8206	7.75	7.477	4.0
tutorial_data_3122	6.717	7.584	4.0
tutorial_data_0386	7.55	6.478	4.0
tutorial_data_5119	8.015	5.786	4.0
tutorial_data_0385	7.392	6.627	4.0
tutorial_data_3557	7.74	7.231	4.0
tutorial_data_1540	8.96	8.254	4.0
tutorial_data_4504	7.428	7.8	4.0
tutorial_data_3027	6.97	6.773	4.0
tutorial_data_0796	4.6	6.202	4.0
tutorial_data_0380	6.646	6.173	4.0
tutorial_data_2036	7.05	7.435	4.0
tutorial_data_3690	8.11	7.98	4.0
tutorial_data_0377	9.11	7.212	4.0
tutorial_data_5487	7.481	9.699	4.0
tutorial_data_5178	6.88	7.667	4.0
tutorial_data_7432	4.0	5.978	4.0
tutorial_data_5092	6.312	6.698	4.0
tutorial_data_7098	5.06	5.256	4.0
tutorial_data_1978	7.74	7.674	4.0
tutorial_data_0002	8.11	7.863	4.0
tutorial_data_0278	7.42	7.325	4.0
tutorial_data_8038	5.698	6.866	4.0
tutorial_data_3278	6.4	6.189	4.0
tutorial_data_5473	8.8	9.847	4.0
tutorial_data_3679	8.34	8.513	4.0
tutorial_data_2109	7.228	6.488	4.0
tutorial_data_4078	5.64	6.623	4.0
tutorial_data_1985	7.04	7.25	4.0
tutorial_data_5100	7.595	7.499	4.0
tutorial_data_4727	7.67	8.457	4.0
tutorial_data_7111	6.547	6.74	4.0
tutorial_data_5021	9.502	8.567	4.0
tutorial_data_3902	8.92	8.07	4.0
tutorial_data_8096	8.115	7.62	4.0
tutorial_data_3911	7.64	7.74	4.0
tutorial_data_4716	9.357	8.294	4.0
tutorial_data_3555	7.42	7.634	4.0
tutorial_data_3652	8.41	7.993	4.0
tutorial_data_1649	6.973	6.156	4.0
tutorial_data_3602	7.7	7.749	4.0
tutorial_data_1665	5.39	5.805	4.0
tutorial_data_3737	7.67	7.699	4.0
tutorial_data_5096	8.608	8.024	4.0
tutorial_data_2888	4.936	6.264	4.0
tutorial_data_6736	7.71	7.794	4.0
tutorial_data_5686	7.965	8.942	4.0
tutorial_data_2935	6.0	6.961	4.0
tutorial_data_7104	7.007	6.418	4.0
tutorial_data_7058	5.487	6.124	4.0
tutorial_data_1304	7.38	5.991	4.0
tutorial_data_3614	7.56	8.503	4.0
tutorial_data_3248	5.0	6.952	4.0
tutorial_data_2547	7.77	7.933	4.0
tutorial_data_0520	4.26	5.837	4.0
tutorial_data_0625	7.41	8.011	4.0
tutorial_data_5466	7.68	9.565	4.0
tutorial_data_1320	5.039	5.256	4.0
tutorial_data_5475	8.18	9.729	4.0
tutorial_data_3705	8.23	8.067	4.0
tutorial_data_3629	9.52	8.497	4.0
tutorial_data_3695	8.68	8.05	4.0
tutorial_data_1645	9.1	9.623	4.0
tutorial_data_7874	8.5	8.542	4.0
tutorial_data_0049	6.14	7.842	4.0
tutorial_data_3607	8.0	7.883	4.0
tutorial_data_1617	6.77	7.776	4.0
tutorial_data_1267	8.0	6.835	4.0
tutorial_data_3559	7.46	7.411	4.0
tutorial_data_7883	8.825	8.964	4.0
tutorial_data_0525	5.284	6.798	4.0
tutorial_data_0420	7.64	7.564	4.0
tutorial_data_5689	8.38	8.461	4.0
tutorial_data_2322	7.344	7.847	4.0
tutorial_data_7747	6.04	6.465	4.0
tutorial_data_1706	5.07	6.583	4.0
tutorial_data_7930	7.58	7.13	4.0
tutorial_data_3647	7.58	8.19	4.0
tutorial_data_5237	8.475	6.652	4.0
tutorial_data_3075	8.884	8.623	4.0
tutorial_data_0048	5.94	7.661	4.0
tutorial_data_1277	8.586	7.943	4.0
tutorial_data_3697	8.92	8.133	4.0
tutorial_data_7934	6.55	6.895	4.0
tutorial_data_1703	7.986	6.324	4.0
tutorial_data_0453	8.252	9.807	4.0
tutorial_data_2319	8.4	7.541	4.0
tutorial_data_5452	9.011	8.855	4.0
tutorial_data_0826	6.402	6.589	4.0
tutorial_data_1275	8.21	7.723	4.0
tutorial_data_2936	6.458	7.079	4.0
tutorial_data_3638	8.85	7.837	4.0
